,abv,ibu,style
14,0.061,60.0,American Pale Ale (APA)
24,0.044,42.0,American Pale Ale (APA)
25,0.049,17.0,Fruit / Vegetable Beer
26,0.049,17.0,Fruit / Vegetable Beer
27,0.049,17.0,Fruit / Vegetable Beer
28,0.07,70.0,American IPA
29,0.07,70.0,American IPA
30,0.07,70.0,American IPA
32,0.097,94.0,American Double / Imperial IPA
33,0.044,42.0,American Pale Ale (APA)
35,0.068,65.0,American Black Ale
37,0.07,65.0,American IPA
38,0.049,17.0,Fruit / Vegetable Beer
39,0.07,82.0,American IPA
43,0.045,18.0,American Blonde Ale
49,0.05,28.0,American Pale Wheat Ale
51,0.05,45.0,American IPA
53,0.069,65.0,American IPA
55,0.046,15.0,Kölsch
57,0.059,75.0,American IPA
60,0.084,82.0,American Double / Imperial IPA
62,0.055,26.0,American Amber / Red Lager
63,0.055,26.0,American Amber / Red Lager
64,0.065,52.0,American IPA
65,0.042,13.0,Fruit / Vegetable Beer
66,0.045,17.0,American Amber / Red Lager
67,0.08199999999999999,68.0,American IPA
68,0.05,20.0,American Brown Ale
69,0.08,68.0,American Double / Imperial IPA
72,0.042,42.0,American Pale Ale (APA)
73,0.05,25.0,German Pilsener
77,0.076,68.0,American Double / Imperial IPA
78,0.051,38.0,Saison / Farmhouse Ale
80,0.06,65.0,American IPA
82,0.053,35.0,American Stout
83,0.05,35.0,American Pale Ale (APA)
86,0.053,36.0,American Pale Ale (APA)
87,0.08199999999999999,103.0,American Double / Imperial IPA
88,0.053,40.0,American Pale Ale (APA)
95,0.062,43.0,American IPA
106,0.056,4.0,Cream Ale
107,0.07,80.0,American IPA
108,0.058,15.0,American Amber / Red Ale
111,0.058,15.0,American Amber / Red Ale
112,0.056,4.0,Cream Ale
115,0.07,80.0,American IPA
116,0.058,15.0,American Amber / Red Ale
117,0.056,4.0,Cream Ale
118,0.055,28.0,American Pale Ale (APA)
128,0.071,75.0,American IPA
129,0.047,19.0,American Blonde Ale
130,0.06,23.0,American Porter
131,0.06,55.0,American Pale Ale (APA)
132,0.062,17.0,American Pale Wheat Ale
135,0.051,20.0,Saison / Farmhouse Ale
137,0.07,45.0,American IPA
138,0.032,27.0,Kölsch
139,0.053,26.0,American Porter
140,0.06,69.0,American IPA
144,0.056,27.0,American Blonde Ale
145,0.07,67.0,American IPA
146,0.057,40.0,American Stout
147,0.08199999999999999,138.0,American Double / Imperial IPA
148,0.062,35.0,American Porter
149,0.06,35.0,American Amber / Red Ale
150,0.075,115.0,American Double / Imperial IPA
151,0.055,12.0,American Porter
153,0.045,8.0,American Blonde Ale
154,0.05,62.0,American IPA
163,0.047,42.0,German Pilsener
164,0.056,10.0,Witbier
165,0.063,69.0,American IPA
166,0.055,17.0,American Brown Ale
168,0.07200000000000001,22.0,Märzen / Oktoberfest
169,0.048,23.0,American Pale Wheat Ale
172,0.061,41.0,American Amber / Red Ale
179,0.06,43.0,American Pale Ale (APA)
180,0.068,70.0,American IPA
181,0.044,38.0,American Pale Ale (APA)
183,0.038,40.0,American IPA
184,0.052000000000000005,23.0,Kölsch
185,0.07,75.0,American IPA
187,0.07,70.0,American IPA
190,0.035,45.0,American Amber / Red Ale
191,0.07,46.0,American IPA
192,0.06,60.0,American IPA
195,0.067,60.0,American IPA
196,0.068,62.0,American Pale Lager
197,0.05,20.0,Witbier
200,0.067,70.0,American IPA
202,0.054000000000000006,48.0,German Pilsener
204,0.07,42.0,Hefeweizen
209,0.055,35.0,American Amber / Red Ale
210,0.049,28.0,American Pale Ale (APA)
211,0.069,69.0,American IPA
212,0.08800000000000001,108.0,American Double / Imperial IPA
213,0.05,10.0,Fruit / Vegetable Beer
214,0.058,45.0,American Pale Ale (APA)
215,0.068,85.0,American IPA
225,0.057,27.0,American Blonde Ale
227,0.07200000000000001,87.0,American IPA
229,0.062,68.0,American IPA
230,0.06,34.0,American Black Ale
231,0.05,38.0,German Pilsener
233,0.053,20.0,American Pale Ale (APA)
240,0.095,104.0,American Double / Imperial IPA
242,0.067,85.0,American Amber / Red Ale
246,0.08,54.0,American Stout
249,0.075,60.0,American IPA
250,0.05,32.0,Czech Pilsener
251,0.06,55.0,American IPA
252,0.062,65.0,American IPA
254,0.05,35.0,American Pale Wheat Ale
255,0.051,26.0,American Brown Ale
257,0.051,26.0,American Brown Ale
258,0.05,35.0,American Pale Wheat Ale
259,0.062,65.0,American IPA
262,0.05,35.0,American Pale Wheat Ale
263,0.051,26.0,American Brown Ale
264,0.069,81.0,American IPA
265,0.058,38.0,American Amber / Red Ale
266,0.053,43.0,American Pale Ale (APA)
268,0.098,76.0,American Double / Imperial IPA
270,0.066,50.0,American IPA
271,0.055,45.0,American Pale Ale (APA)
276,0.045,16.0,American Blonde Ale
277,0.075,35.0,American IPA
278,0.05,8.0,Hefeweizen
279,0.058,44.0,American Pale Ale (APA)
281,0.071,45.0,American Porter
282,0.078,34.0,Saison / Farmhouse Ale
283,0.066,44.0,American Amber / Red Ale
284,0.048,16.0,American Brown Ale
285,0.046,20.0,American Amber / Red Ale
287,0.048,47.0,American IPA
291,0.07,51.0,American IPA
306,0.046,35.0,American Pale Ale (APA)
309,0.08,80.0,American Double / Imperial IPA
310,0.059,60.0,American Pale Ale (APA)
313,0.059,60.0,American Pale Ale (APA)
314,0.049,16.0,Kölsch
321,0.044,16.0,American Blonde Ale
331,0.042,30.0,American IPA
335,0.066,72.0,American IPA
337,0.048,30.0,Czech Pilsener
338,0.056,26.0,Märzen / Oktoberfest
346,0.053,45.0,American Pale Ale (APA)
353,0.066,72.0,American IPA
354,0.071,16.0,American Porter
356,0.065,45.0,American IPA
361,0.053,15.0,Märzen / Oktoberfest
362,0.053,7.0,American Pale Wheat Ale
364,0.049,35.0,American Pale Ale (APA)
365,0.057,35.0,American Pale Ale (APA)
366,0.049,35.0,American Pale Ale (APA)
367,0.062,80.0,American IPA
371,0.06,52.0,American Porter
372,0.057,52.0,American Porter
373,0.07,80.0,American IPA
374,0.06,25.0,Hefeweizen
376,0.052000000000000005,40.0,American Amber / Red Ale
378,0.042,9.0,American Pale Wheat Ale
379,0.045,15.0,American Pale Wheat Ale
380,0.062,68.0,American IPA
381,0.054000000000000006,19.0,American Amber / Red Ale
383,0.07200000000000001,60.0,American IPA
385,0.055,28.0,American Pale Wheat Ale
453,0.05,15.0,American Amber / Red Ale
454,0.052000000000000005,17.0,American Pale Ale (APA)
456,0.061,64.0,American IPA
465,0.073,85.0,American Black Ale
467,0.062,42.0,American Amber / Red Ale
472,0.06,40.0,American Blonde Ale
473,0.06,20.0,Witbier
474,0.09,118.0,American Double / Imperial IPA
478,0.055,40.0,American Pale Ale (APA)
479,0.099,115.0,American Double / Imperial IPA
482,0.068,16.0,American Pale Wheat Ale
483,0.07200000000000001,86.0,American IPA
485,0.055,40.0,American Pale Ale (APA)
486,0.05,14.0,American Pale Lager
487,0.056,36.0,American Pale Ale (APA)
499,0.053,25.0,American Blonde Ale
500,0.063,35.0,American Amber / Red Ale
501,0.068,100.0,American IPA
502,0.063,35.0,American Amber / Red Ale
503,0.053,25.0,American Blonde Ale
504,0.068,100.0,American IPA
506,0.056,55.0,American Pale Ale (APA)
508,0.054000000000000006,24.0,American Amber / Red Ale
509,0.061,94.0,American IPA
510,0.061,94.0,American IPA
511,0.056,55.0,American Pale Ale (APA)
512,0.056,55.0,American Pale Ale (APA)
513,0.056,55.0,American Pale Ale (APA)
514,0.056,55.0,American Pale Ale (APA)
515,0.056,55.0,American Pale Ale (APA)
516,0.054000000000000006,24.0,American Amber / Red Ale
517,0.061,94.0,American IPA
525,0.09,130.0,American Double / Imperial IPA
526,0.055,64.0,American IPA
527,0.054000000000000006,35.0,German Pilsener
528,0.055,30.0,American Amber / Red Ale
529,0.055,35.0,American Amber / Red Ale
530,0.049,10.0,American Blonde Ale
531,0.065,80.0,American Black Ale
534,0.056,55.0,American IPA
536,0.062,70.0,American IPA
548,0.099,100.0,American Black Ale
550,0.078,80.0,American Double / Imperial IPA
551,0.042,35.0,American IPA
561,0.048,16.0,Witbier
565,0.085,90.0,American Double / Imperial IPA
567,0.068,70.0,American IPA
569,0.051,36.0,American Pale Ale (APA)
570,0.05,18.0,Cream Ale
574,0.045,24.0,American Amber / Red Lager
576,0.052000000000000005,42.0,American Pale Ale (APA)
578,0.07200000000000001,85.0,American IPA
579,0.095,99.0,American Double / Imperial IPA
580,0.075,77.0,American Black Ale
582,0.06,45.0,American Stout
583,0.05,22.0,Kölsch
584,0.07,65.0,American IPA
586,0.065,8.0,Fruit / Vegetable Beer
587,0.055,30.0,American Pale Ale (APA)
590,0.055,40.0,Märzen / Oktoberfest
591,0.057,58.0,American IPA
592,0.057,10.0,Fruit / Vegetable Beer
594,0.08900000000000001,126.0,American Double / Imperial IPA
599,0.062,65.0,American IPA
600,0.08199999999999999,65.0,American Black Ale
605,0.07,60.0,American IPA
606,0.07,60.0,American IPA
608,0.07,60.0,American IPA
609,0.07,60.0,American IPA
610,0.07,60.0,American IPA
613,0.075,70.0,American IPA
614,0.075,70.0,American IPA
615,0.08,65.0,American Porter
618,0.055,25.0,American Brown Ale
620,0.07200000000000001,75.0,American Amber / Red Ale
621,0.075,70.0,American IPA
622,0.05,18.0,Witbier
630,0.067,60.0,American IPA
631,0.06,75.0,American Black Ale
632,0.044,13.0,American Pale Wheat Ale
633,0.047,17.0,American Blonde Ale
634,0.062,55.0,American Brown Ale
635,0.046,11.0,Kölsch
636,0.065,75.0,American IPA
637,0.052000000000000005,24.0,American Amber / Red Ale
638,0.052000000000000005,24.0,American Amber / Red Ale
640,0.068,75.0,American IPA
641,0.048,22.0,German Pilsener
642,0.056,21.0,American Blonde Ale
651,0.077,71.0,American Black Ale
652,0.06,46.0,American Pale Ale (APA)
657,0.052000000000000005,15.0,Witbier
659,0.052000000000000005,25.0,American Amber / Red Ale
660,0.065,65.0,American IPA
662,0.049,25.0,American Blonde Ale
672,0.06,31.0,American Amber / Red Ale
673,0.052000000000000005,23.0,Kölsch
681,0.05,15.0,American Blonde Ale
682,0.053,11.0,Hefeweizen
684,0.092,115.0,American Double / Imperial IPA
685,0.065,80.0,American IPA
694,0.063,37.0,American Amber / Red Ale
696,0.075,33.0,American Brown Ale
697,0.085,100.0,American Double / Imperial IPA
700,0.048,25.0,Saison / Farmhouse Ale
702,0.052000000000000005,23.0,American Blonde Ale
703,0.07,70.0,American IPA
704,0.045,44.0,American IPA
707,0.056,46.0,American Blonde Ale
708,0.065,71.0,American IPA
712,0.05,40.0,American Pale Ale (APA)
713,0.052000000000000005,16.0,Hefeweizen
715,0.063,76.0,American IPA
718,0.096,85.0,American Double / Imperial IPA
720,0.044,45.0,American Pale Ale (APA)
721,0.052000000000000005,26.0,American Pale Ale (APA)
722,0.054000000000000006,27.0,American Amber / Red Ale
724,0.071,85.0,American IPA
727,0.065,72.0,American IPA
737,0.066,100.0,American IPA
738,0.051,17.0,Fruit / Vegetable Beer
739,0.043,12.0,Hefeweizen
740,0.058,49.0,American Amber / Red Ale
741,0.061,64.0,American IPA
742,0.045,18.0,American Pale Wheat Ale
744,0.078,74.0,American IPA
749,0.078,74.0,American IPA
751,0.049,25.0,American Amber / Red Lager
758,0.043,60.0,American IPA
759,0.062,80.0,American IPA
760,0.049,23.0,American Blonde Ale
765,0.054000000000000006,48.0,Czech Pilsener
771,0.05,32.0,American Pale Ale (APA)
773,0.067,70.0,American IPA
774,0.063,55.0,American Pale Ale (APA)
775,0.07,80.0,American IPA
776,0.07,58.0,American Stout
779,0.05,20.0,Kölsch
780,0.07,70.0,American IPA
781,0.075,53.0,American Amber / Red Ale
784,0.075,53.0,American Amber / Red Ale
789,0.08199999999999999,80.0,American Double / Imperial IPA
790,0.055,30.0,American Porter
792,0.055,45.0,Czech Pilsener
793,0.048,20.0,Kölsch
795,0.08,80.0,American Black Ale
797,0.05,22.0,American Pale Wheat Ale
799,0.08,72.0,American Amber / Red Ale
804,0.045,47.0,American IPA
805,0.075,75.0,American IPA
808,0.047,20.0,American Blonde Ale
810,0.05,27.0,American Blonde Ale
811,0.06,104.0,American IPA
814,0.071,60.0,American IPA
815,0.047,28.0,American Pale Lager
817,0.07,70.0,American IPA
822,0.05,18.0,Witbier
823,0.069,65.0,American IPA
835,0.07400000000000001,97.0,American IPA
837,0.047,19.0,American Pale Wheat Ale
838,0.056,16.0,American Amber / Red Ale
839,0.046,17.0,Kölsch
840,0.063,42.0,American IPA
842,0.07200000000000001,65.0,American IPA
843,0.047,42.0,American IPA
844,0.076,73.0,American IPA
845,0.057,40.0,American Porter
846,0.052000000000000005,20.0,American Blonde Ale
850,0.064,90.0,American IPA
852,0.052000000000000005,17.0,Kölsch
855,0.042,9.0,Fruit / Vegetable Beer
856,0.067,47.0,American IPA
860,0.05,28.0,American Pale Wheat Ale
861,0.057,36.0,American Pale Ale (APA)
864,0.069,69.0,American IPA
867,0.065,33.0,American Brown Ale
871,0.042,10.0,Witbier
872,0.059,70.0,American IPA
877,0.065,35.0,Saison / Farmhouse Ale
878,0.065,45.0,American Pale Ale (APA)
879,0.056,30.0,American Pale Ale (APA)
880,0.065,80.0,American IPA
881,0.053,32.0,Kölsch
884,0.07,73.0,American IPA
886,0.07200000000000001,50.0,American IPA
887,0.049,15.0,American Blonde Ale
888,0.05,26.0,American Amber / Red Ale
889,0.067,70.0,American IPA
890,0.07200000000000001,75.0,American Pale Lager
891,0.058,35.0,Saison / Farmhouse Ale
892,0.07400000000000001,74.0,American IPA
893,0.08,70.0,American IPA
894,0.094,92.0,American IPA
895,0.059,60.0,American IPA
896,0.046,15.0,Hefeweizen
897,0.068,65.0,American IPA
898,0.059,60.0,American IPA
900,0.055,20.0,American Brown Ale
901,0.08,70.0,American IPA
902,0.08,70.0,American IPA
903,0.059,60.0,American IPA
904,0.046,15.0,Hefeweizen
905,0.07,11.0,American Porter
906,0.07,70.0,American IPA
907,0.06,18.0,American Pale Wheat Ale
908,0.056,36.0,American Pale Ale (APA)
909,0.093,103.0,American Double / Imperial IPA
911,0.06,64.0,American IPA
912,0.058,36.0,American Brown Ale
913,0.055,40.0,American Pale Ale (APA)
914,0.059,55.0,American IPA
915,0.054000000000000006,30.0,American Pale Ale (APA)
916,0.054000000000000006,30.0,American Pale Ale (APA)
917,0.042,18.0,American Pale Wheat Ale
918,0.042,18.0,American Pale Wheat Ale
919,0.042,20.0,American Pale Wheat Ale
920,0.052000000000000005,19.0,American Pale Lager
925,0.043,21.0,American Pale Wheat Ale
927,0.055,35.0,American Pale Ale (APA)
928,0.053,22.0,American Blonde Ale
929,0.057,18.0,Fruit / Vegetable Beer
930,0.056,33.0,American Porter
931,0.062,60.0,American IPA
933,0.053,22.0,American Blonde Ale
934,0.056,33.0,American Porter
935,0.057,25.0,Märzen / Oktoberfest
936,0.045,36.0,American Brown Ale
937,0.057,18.0,Fruit / Vegetable Beer
940,0.051,13.0,Witbier
941,0.075,65.0,American Stout
943,0.056,33.0,American Porter
946,0.062,60.0,American IPA
947,0.053,22.0,American Blonde Ale
957,0.045,15.0,American Pale Lager
958,0.045,15.0,American Pale Lager
959,0.052000000000000005,49.0,American Pale Ale (APA)
961,0.05,5.0,Fruit / Vegetable Beer
962,0.07,22.0,American Brown Ale
968,0.055,10.0,Witbier
970,0.053,48.0,American Pale Ale (APA)
972,0.07,22.0,American Brown Ale
973,0.07,70.0,American IPA
974,0.059,25.0,Märzen / Oktoberfest
975,0.048,25.0,American Amber / Red Ale
976,0.06,36.0,American Stout
977,0.053,48.0,American Pale Ale (APA)
979,0.05,30.0,American Pale Ale (APA)
980,0.057,44.0,American Pale Ale (APA)
981,0.067,71.0,American Black Ale
983,0.085,69.0,American Double / Imperial IPA
985,0.06,54.0,American Pale Ale (APA)
986,0.04,20.0,Witbier
988,0.06,34.0,American Porter
989,0.06,54.0,American Pale Ale (APA)
990,0.049,22.0,Cream Ale
991,0.045,6.0,American Pale Wheat Ale
994,0.05,35.0,Czech Pilsener
995,0.065,25.0,American Amber / Red Ale
997,0.05,35.0,American Pale Ale (APA)
998,0.04,55.0,American IPA
1001,0.069,67.0,American IPA
1011,0.07,40.0,American IPA
1012,0.052000000000000005,18.0,American Blonde Ale
1013,0.046,17.0,Fruit / Vegetable Beer
1015,0.075,70.0,American IPA
1016,0.044,18.0,Cream Ale
1017,0.056,55.0,American Pale Ale (APA)
1021,0.05,28.0,Kölsch
1022,0.059,42.0,American IPA
1024,0.055,30.0,Märzen / Oktoberfest
1025,0.059,42.0,American IPA
1026,0.05,28.0,Kölsch
1027,0.048,10.0,American Pale Wheat Ale
1028,0.05,28.0,Kölsch
1029,0.059,42.0,American IPA
1038,0.062,40.0,American Pale Lager
1039,0.08800000000000001,77.0,American Double / Imperial IPA
1040,0.07200000000000001,45.0,American IPA
1041,0.06,30.0,Märzen / Oktoberfest
1043,0.063,30.0,Cream Ale
1044,0.08,86.0,American IPA
1047,0.07,68.0,American Pale Ale (APA)
1048,0.044,22.0,American Pale Wheat Ale
1051,0.045,32.0,American Pale Ale (APA)
1052,0.055,34.0,Czech Pilsener
1053,0.049,20.0,American Blonde Ale
1054,0.055,60.0,American Amber / Red Ale
1055,0.066,30.0,Saison / Farmhouse Ale
1057,0.042,25.0,Saison / Farmhouse Ale
1058,0.047,28.0,American Brown Ale
1059,0.058,45.0,American IPA
1060,0.049,20.0,American Blonde Ale
1062,0.063,70.0,American IPA
1063,0.049,20.0,American Blonde Ale
1064,0.048,13.0,American Pale Lager
1065,0.065,90.0,American IPA
1066,0.065,90.0,American IPA
1067,0.049,20.0,American Blonde Ale
1071,0.06,50.0,American Pale Ale (APA)
1075,0.039,20.0,American Pale Wheat Ale
1076,0.039,20.0,American Pale Wheat Ale
1077,0.039,20.0,American Pale Wheat Ale
1078,0.039,20.0,American Pale Wheat Ale
1079,0.039,20.0,American Pale Wheat Ale
1080,0.039,20.0,American Pale Wheat Ale
1081,0.039,20.0,American Pale Wheat Ale
1082,0.039,20.0,American Pale Wheat Ale
1083,0.039,20.0,American Pale Wheat Ale
1084,0.039,20.0,American Pale Wheat Ale
1085,0.039,20.0,American Pale Wheat Ale
1086,0.039,20.0,American Pale Wheat Ale
1087,0.058,60.0,American Amber / Red Ale
1088,0.058,35.0,American Stout
1089,0.066,75.0,American IPA
1092,0.058,60.0,American Amber / Red Ale
1094,0.051,32.0,Czech Pilsener
1095,0.066,75.0,American IPA
1097,0.051,17.0,Hefeweizen
1101,0.068,90.0,American IPA
1103,0.05,10.0,Fruit / Vegetable Beer
1104,0.046,27.0,American Pale Wheat Ale
1105,0.065,80.0,American Black Ale
1106,0.054000000000000006,45.0,American Pale Ale (APA)
1107,0.048,32.0,American Amber / Red Ale
1108,0.055,42.0,American Pale Ale (APA)
1109,0.059,27.0,Witbier
1110,0.058,58.0,American Pale Ale (APA)
1111,0.07,75.0,American IPA
1112,0.055,20.0,Cream Ale
1113,0.045,20.0,American Blonde Ale
1114,0.068,55.0,American IPA
1115,0.053,28.0,American Pale Ale (APA)
1119,0.048,15.0,American Pale Lager
1125,0.055,37.0,American Pale Ale (APA)
1138,0.05,15.0,Hefeweizen
1139,0.05,50.0,American Pale Ale (APA)
1140,0.093,90.0,American Double / Imperial IPA
1144,0.052000000000000005,16.0,Hefeweizen
1146,0.055,40.0,American Pale Ale (APA)
1147,0.055,25.0,Märzen / Oktoberfest
1148,0.047,20.0,Kölsch
1149,0.066,20.0,Saison / Farmhouse Ale
1150,0.095,85.0,American Double / Imperial IPA
1151,0.049,45.0,American Amber / Red Lager
1152,0.052000000000000005,15.0,Hefeweizen
1153,0.066,70.0,American IPA
1155,0.06,64.0,American IPA
1156,0.055,23.0,Czech Pilsener
1158,0.05,15.0,American Blonde Ale
1162,0.065,65.0,American IPA
1163,0.065,65.0,American IPA
1164,0.055,50.0,American Pale Ale (APA)
1165,0.065,65.0,American IPA
1176,0.06,70.0,American IPA
1177,0.057,10.0,Hefeweizen
1179,0.063,65.0,American IPA
1180,0.048,11.0,American Pale Wheat Ale
1181,0.046,18.0,American Amber / Red Lager
1182,0.046,18.0,American Amber / Red Lager
1183,0.046,18.0,American Amber / Red Lager
1184,0.046,18.0,American Amber / Red Lager
1187,0.054000000000000006,15.0,Hefeweizen
1188,0.07200000000000001,100.0,American IPA
1190,0.048,28.0,Kölsch
1195,0.05,12.0,Cream Ale
1197,0.064,66.0,American IPA
1198,0.064,95.0,American IPA
1199,0.056,70.0,American IPA
1206,0.052000000000000005,30.0,German Pilsener
1207,0.06,30.0,Saison / Farmhouse Ale
1208,0.058,40.0,American Stout
1209,0.057,42.0,American Amber / Red Ale
1210,0.052000000000000005,20.0,Fruit / Vegetable Beer
1211,0.065,75.0,American IPA
1212,0.057,40.0,American Pale Ale (APA)
1215,0.057,47.0,American Pale Ale (APA)
1216,0.058,11.0,Hefeweizen
1217,0.061,30.0,American Brown Ale
1219,0.046,30.0,American Amber / Red Ale
1221,0.04,8.0,Fruit / Vegetable Beer
1224,0.048,20.0,German Pilsener
1227,0.062,65.0,American IPA
1228,0.056,55.0,Czech Pilsener
1229,0.052000000000000005,29.0,American Stout
1240,0.051,32.0,American Amber / Red Ale
1244,0.043,18.0,American Blonde Ale
1246,0.079,18.0,Fruit / Vegetable Beer
1247,0.047,11.0,Kölsch
1248,0.05,40.0,American Pale Ale (APA)
1249,0.069,70.0,American IPA
1250,0.07,32.0,American Brown Ale
1251,0.06,30.0,American Amber / Red Ale
1252,0.051,20.0,Fruit / Vegetable Beer
1253,0.055,13.0,Hefeweizen
1254,0.051,20.0,Fruit / Vegetable Beer
1264,0.05,18.0,American Pale Wheat Ale
1266,0.06,14.0,Fruit / Vegetable Beer
1267,0.085,85.0,American Double / Imperial IPA
1268,0.099,93.0,American Double / Imperial IPA
1269,0.08,88.0,American IPA
1270,0.06,25.0,American Blonde Ale
1271,0.095,49.0,American Brown Ale
1272,0.066,44.0,American Pale Ale (APA)
1280,0.05,20.0,Saison / Farmhouse Ale
1281,0.065,47.0,American Stout
1282,0.05,35.0,American Amber / Red Ale
1288,0.065,60.0,American IPA
1290,0.065,60.0,American IPA
1296,0.05,12.0,American Blonde Ale
1301,0.051,20.0,American Brown Ale
1306,0.06,24.0,American Amber / Red Ale
1307,0.05,12.0,Witbier
1308,0.068,68.0,American IPA
1309,0.055,15.0,American Pale Wheat Ale
1311,0.057,30.0,American Porter
1312,0.062,65.0,American IPA
1313,0.037000000000000005,34.0,American Porter
1314,0.037000000000000005,21.0,Witbier
1315,0.037000000000000005,53.0,American Pale Ale (APA)
1319,0.07200000000000001,75.0,American IPA
1320,0.07200000000000001,75.0,American IPA
1321,0.042,22.0,American Blonde Ale
1322,0.052000000000000005,27.0,American Porter
1323,0.052000000000000005,23.0,American Amber / Red Ale
1324,0.054000000000000006,42.0,American Pale Ale (APA)
1325,0.053,11.0,Fruit / Vegetable Beer
1326,0.053,30.0,American Brown Ale
1327,0.071,62.0,American IPA
1328,0.053,16.0,American Blonde Ale
1330,0.063,61.0,American IPA
1331,0.063,61.0,American IPA
1332,0.048,12.0,Witbier
1333,0.05,24.0,American Brown Ale
1334,0.057,70.0,American IPA
1335,0.08,100.0,American Double / Imperial IPA
1336,0.075,85.0,American IPA
1338,0.08,100.0,American Double / Imperial IPA
1339,0.063,30.0,Cream Ale
1340,0.058,28.0,Kölsch
1354,0.087,80.0,American Double / Imperial IPA
1355,0.051,24.0,American Amber / Red Ale
1356,0.075,51.0,American IPA
1357,0.065,20.0,Saison / Farmhouse Ale
1360,0.051,24.0,American Amber / Red Ale
1375,0.068,66.0,American IPA
1376,0.048,44.0,American Pale Ale (APA)
1377,0.092,75.0,American Double / Imperial IPA
1385,0.075,85.0,American IPA
1386,0.068,75.0,American IPA
1387,0.052000000000000005,50.0,American Pale Ale (APA)
1388,0.067,75.0,American Amber / Red Ale
1389,0.055,30.0,Saison / Farmhouse Ale
1390,0.047,46.0,American Pale Wheat Ale
1391,0.058,40.0,American Stout
1392,0.065,115.0,American Amber / Red Ale
1397,0.056,28.0,American Blonde Ale
1400,0.049,24.0,Märzen / Oktoberfest
1401,0.047,14.0,American Pale Wheat Ale
1403,0.05,35.0,German Pilsener
1404,0.052000000000000005,21.0,Cream Ale
1407,0.052000000000000005,21.0,American Blonde Ale
1408,0.07,70.0,American IPA
1418,0.053,10.0,American Blonde Ale
1419,0.053,14.0,American Pale Wheat Ale
1423,0.086,35.0,German Pilsener
1424,0.042,24.0,American Pale Wheat Ale
1425,0.05,22.0,Cream Ale
1426,0.042,24.0,American Pale Wheat Ale
1427,0.07,22.0,American Porter
1429,0.055,15.0,Märzen / Oktoberfest
1432,0.085,86.0,American Double / Imperial IPA
1433,0.085,86.0,American Double / Imperial IPA
1437,0.065,65.0,American IPA
1438,0.048,10.0,Hefeweizen
1440,0.057,29.0,American Pale Ale (APA)
1443,0.045,40.0,American IPA
1444,0.065,70.0,American IPA
1445,0.05,29.0,American Pale Lager
1451,0.052000000000000005,18.0,American Amber / Red Ale
1452,0.05,29.0,American Pale Lager
1453,0.052000000000000005,18.0,American Amber / Red Ale
1454,0.05,29.0,American Pale Lager
1455,0.065,70.0,American IPA
1456,0.052000000000000005,18.0,American Amber / Red Ale
1457,0.065,70.0,American IPA
1459,0.052000000000000005,18.0,American Amber / Red Ale
1465,0.08800000000000001,85.0,American Double / Imperial IPA
1467,0.08800000000000001,85.0,American Double / Imperial IPA
1478,0.056,30.0,American Blonde Ale
1479,0.052000000000000005,50.0,American Amber / Red Ale
1482,0.042,35.0,Cream Ale
1487,0.051,31.0,American Pale Ale (APA)
1488,0.07200000000000001,80.0,American IPA
1493,0.045,50.0,American IPA
1497,0.06,25.0,American Porter
1501,0.063,42.0,American Pale Ale (APA)
1507,0.061,66.0,American IPA
1508,0.051,7.0,Fruit / Vegetable Beer
1509,0.067,70.0,American IPA
1510,0.054000000000000006,24.0,American Amber / Red Ale
1511,0.058,27.0,American Stout
1512,0.067,70.0,American IPA
1516,0.048,35.0,American Pale Ale (APA)
1523,0.054000000000000006,36.0,American Porter
1529,0.065,26.0,American Brown Ale
1530,0.06,29.0,Saison / Farmhouse Ale
1531,0.05,45.0,American Pale Ale (APA)
1532,0.057,26.0,American Stout
1535,0.065,65.0,American Brown Ale
1551,0.049,35.0,American IPA
1559,0.065,65.0,American Pale Ale (APA)
1560,0.065,65.0,American Pale Ale (APA)
1561,0.053,35.0,Czech Pilsener
1564,0.065,65.0,American Pale Ale (APA)
1566,0.065,65.0,American Pale Ale (APA)
1567,0.065,65.0,American Pale Ale (APA)
1568,0.087,85.0,American Double / Imperial IPA
1569,0.065,65.0,American Pale Ale (APA)
1570,0.065,65.0,American Pale Ale (APA)
1571,0.087,85.0,American Double / Imperial IPA
1576,0.09,60.0,American Double / Imperial IPA
1577,0.087,85.0,American Double / Imperial IPA
1579,0.053,35.0,Czech Pilsener
1580,0.099,100.0,American Double / Imperial IPA
1582,0.087,85.0,American Double / Imperial IPA
1583,0.065,65.0,American Pale Ale (APA)
1584,0.092,85.0,American Double / Imperial IPA
1590,0.065,65.0,American Pale Ale (APA)
1591,0.065,65.0,American Pale Ale (APA)
1592,0.065,65.0,American Pale Ale (APA)
1593,0.065,65.0,American Pale Ale (APA)
1594,0.065,65.0,American Pale Ale (APA)
1596,0.087,60.0,American Double / Imperial IPA
1597,0.087,85.0,American Double / Imperial IPA
1599,0.08,85.0,American Double / Imperial IPA
1601,0.065,65.0,American Pale Ale (APA)
1602,0.065,65.0,American Pale Ale (APA)
1604,0.055,55.0,American Pale Ale (APA)
1605,0.04,39.0,American Pale Ale (APA)
1609,0.053,48.0,American Pale Ale (APA)
1610,0.045,22.0,Kölsch
1612,0.05,24.0,American Porter
1613,0.042,35.0,American Pale Ale (APA)
1614,0.062,65.0,American IPA
1616,0.048,35.0,American Pale Ale (APA)
1617,0.055,25.0,American Brown Ale
1620,0.05,61.0,American Pale Wheat Ale
1623,0.065,77.0,American IPA
1624,0.062,62.0,American IPA
1627,0.055,10.0,American Brown Ale
1628,0.048,15.0,American Blonde Ale
1630,0.065,65.0,American IPA
1631,0.05,40.0,American Pale Ale (APA)
1632,0.05,35.0,American IPA
1640,0.041,12.0,American Pale Lager
1641,0.059,25.0,American Amber / Red Ale
1643,0.067,74.0,American IPA
1644,0.061,60.0,American IPA
1647,0.07,75.0,American IPA
1652,0.06,24.0,Fruit / Vegetable Beer
1653,0.045,18.0,American Blonde Ale
1654,0.055,25.0,American Porter
1656,0.055,20.0,American Amber / Red Ale
1657,0.07,70.0,American IPA
1659,0.069,51.0,American IPA
1660,0.057,31.0,American Pale Ale (APA)
1665,0.054000000000000006,45.0,American Pale Ale (APA)
1669,0.059,14.0,American Pale Wheat Ale
1672,0.058,21.0,Czech Pilsener
1673,0.057,68.0,American Pale Ale (APA)
1674,0.058,21.0,Czech Pilsener
1675,0.059,14.0,American Pale Wheat Ale
1676,0.052000000000000005,18.0,Hefeweizen
1677,0.052000000000000005,18.0,Hefeweizen
1679,0.055,30.0,American Porter
1681,0.058,60.0,American Pale Ale (APA)
1683,0.046,25.0,Witbier
1684,0.099,85.0,American Black Ale
1685,0.051,21.0,American Blonde Ale
1687,0.053,52.0,German Pilsener
1688,0.06,50.0,American Blonde Ale
1689,0.051,21.0,American Blonde Ale
1690,0.07200000000000001,55.0,American Brown Ale
1691,0.062,55.0,American IPA
1693,0.051,17.0,American Blonde Ale
1694,0.055,45.0,American IPA
1696,0.047,25.0,American Porter
1699,0.065,44.0,American IPA
1700,0.065,44.0,American IPA
1701,0.058,27.0,American Amber / Red Ale
1705,0.05,16.0,Witbier
1706,0.05,40.0,American Pale Ale (APA)
1708,0.07,100.0,American IPA
1709,0.099,100.0,American Double / Imperial IPA
1710,0.05,25.0,American Blonde Ale
1711,0.07,100.0,American IPA
1720,0.055,40.0,American Pale Ale (APA)
1724,0.057,25.0,Märzen / Oktoberfest
1725,0.068,28.0,American Porter
1726,0.065,70.0,American IPA
1727,0.05,14.0,Witbier
1728,0.057,42.0,American Amber / Red Ale
1729,0.055,42.0,American Pale Ale (APA)
1730,0.06,60.0,American Amber / Red Ale
1731,0.058,35.0,American Porter
1732,0.052000000000000005,21.0,Märzen / Oktoberfest
1733,0.043,45.0,American Pale Ale (APA)
1734,0.07200000000000001,75.0,American IPA
1735,0.048,25.0,American Blonde Ale
1741,0.05,55.0,American IPA
1742,0.055,60.0,American Pale Ale (APA)
1743,0.05,100.0,American IPA
1768,0.07,80.0,American IPA
1770,0.071,36.0,Saison / Farmhouse Ale
1776,0.045,28.0,Kölsch
1777,0.056,35.0,American Amber / Red Ale
1778,0.073,55.0,American Black Ale
1779,0.048,42.0,American Amber / Red Lager
1780,0.073,55.0,American Black Ale
1781,0.056,35.0,American Amber / Red Ale
1782,0.05,15.0,Witbier
1783,0.068,66.0,American IPA
1784,0.052000000000000005,40.0,American Pale Ale (APA)
1785,0.048,22.0,Kölsch
1786,0.069,20.0,American Porter
1788,0.091,99.0,American Double / Imperial IPA
1790,0.05,15.0,American Blonde Ale
1793,0.055,20.0,American Amber / Red Ale
1794,0.05,15.0,Hefeweizen
1795,0.07,85.0,American IPA
1796,0.069,20.0,American Porter
1797,0.055,45.0,American Pale Ale (APA)
1799,0.05,20.0,Fruit / Vegetable Beer
1800,0.055,45.0,American Pale Ale (APA)
1801,0.07,85.0,American IPA
1802,0.05,15.0,Hefeweizen
1803,0.055,45.0,American Pale Ale (APA)
1804,0.055,20.0,American Amber / Red Ale
1805,0.058,20.0,Saison / Farmhouse Ale
1806,0.068,65.0,American Black Ale
1807,0.08900000000000001,88.0,American Double / Imperial IPA
1810,0.055,30.0,Saison / Farmhouse Ale
1811,0.071,95.0,American Black Ale
1817,0.05,11.0,American Blonde Ale
1821,0.05,45.0,American Pale Wheat Ale
1823,0.045,30.0,American IPA
1824,0.05,30.0,American Brown Ale
1825,0.041,16.0,Hefeweizen
1828,0.07400000000000001,60.0,American IPA
1831,0.07,105.0,American IPA
1832,0.07,55.0,American Porter
1835,0.077,40.0,American Amber / Red Ale
1836,0.06,53.0,American Pale Ale (APA)
1837,0.07,68.0,American IPA
1840,0.069,65.0,American IPA
1845,0.07200000000000001,65.0,American IPA
1848,0.056,37.0,American Pale Ale (APA)
1849,0.048,26.0,American Pale Wheat Ale
1850,0.05,28.0,Czech Pilsener
1851,0.07200000000000001,65.0,American IPA
1852,0.056,37.0,American Pale Ale (APA)
1860,0.032,7.0,Fruit / Vegetable Beer
1861,0.065,62.0,American IPA
1862,0.047,50.0,American Pale Ale (APA)
1863,0.099,111.0,American Double / Imperial IPA
1865,0.067,74.0,American IPA
1866,0.054000000000000006,42.0,German Pilsener
1867,0.052000000000000005,34.0,Cream Ale
1869,0.064,62.0,American IPA
1871,0.059,47.0,American Brown Ale
1872,0.052000000000000005,11.0,American Pale Wheat Ale
1873,0.049,35.0,Saison / Farmhouse Ale
1874,0.091,103.0,American Double / Imperial IPA
1875,0.063,69.0,American Stout
1877,0.054000000000000006,42.0,German Pilsener
1878,0.052000000000000005,34.0,Cream Ale
1880,0.064,62.0,American IPA
1883,0.068,65.0,American IPA
1884,0.058,15.0,American Stout
1888,0.042,18.0,American Pale Lager
1892,0.068,65.0,American IPA
1893,0.058,39.0,American Amber / Red Ale
1894,0.071,92.0,American IPA
1898,0.06,70.0,American IPA
1904,0.084,90.0,American Double / Imperial IPA
1905,0.058,25.0,Märzen / Oktoberfest
1906,0.07,113.0,American IPA
1908,0.056,11.0,Hefeweizen
1909,0.049,44.0,German Pilsener
1910,0.051,40.0,American Pale Ale (APA)
1911,0.07,88.0,American IPA
1912,0.058,35.0,American Amber / Red Ale
1913,0.062,33.0,Saison / Farmhouse Ale
1915,0.06,55.0,American Pale Ale (APA)
1919,0.052000000000000005,32.0,American Pale Ale (APA)
1920,0.068,60.0,American IPA
1923,0.063,100.0,American IPA
1924,0.063,100.0,American IPA
1933,0.052000000000000005,32.0,American Pale Ale (APA)
1934,0.046,12.0,American Pale Wheat Ale
1937,0.063,100.0,American IPA
1939,0.055,40.0,American IPA
1941,0.05,22.0,Kölsch
1943,0.048,32.0,Czech Pilsener
1944,0.055,65.0,American IPA
1945,0.075,72.0,American IPA
1946,0.077,65.0,American IPA
1948,0.058,60.0,American Pale Ale (APA)
1949,0.05,20.0,American Blonde Ale
1950,0.08,80.0,American Amber / Red Ale
1952,0.05,20.0,American Blonde Ale
1953,0.058,60.0,American Pale Ale (APA)
1954,0.065,45.0,American Pale Ale (APA)
1957,0.085,110.0,American Double / Imperial IPA
1958,0.092,100.0,American Double / Imperial IPA
1959,0.085,110.0,American Double / Imperial IPA
1961,0.05,20.0,American Blonde Ale
1962,0.099,100.0,American Double / Imperial IPA
1966,0.065,45.0,American Pale Ale (APA)
1967,0.05,20.0,American Blonde Ale
1968,0.047,35.0,American IPA
1986,0.042,20.0,German Pilsener
1987,0.065,52.0,American IPA
1988,0.048,12.0,Märzen / Oktoberfest
1989,0.065,52.0,American IPA
1990,0.065,65.0,American Pale Ale (APA)
1991,0.049,17.0,Kölsch
1992,0.057,25.0,American Amber / Red Lager
1993,0.065,65.0,American IPA
1996,0.054000000000000006,33.0,American Pale Ale (APA)
1998,0.052000000000000005,9.0,American Black Ale
1999,0.063,64.0,American IPA
2004,0.057,15.0,Märzen / Oktoberfest
2005,0.052000000000000005,7.0,American Pale Wheat Ale
2006,0.05,7.0,American Pale Wheat Ale
2007,0.05,7.0,American Pale Wheat Ale
2009,0.049,13.0,Kölsch
2010,0.057,15.0,Märzen / Oktoberfest
2011,0.054000000000000006,32.0,American Brown Ale
2012,0.05,7.0,American Pale Wheat Ale
2013,0.054000000000000006,33.0,American Pale Ale (APA)
2014,0.047,14.0,American Amber / Red Lager
2016,0.051,31.0,American Amber / Red Ale
2021,0.051,25.0,Kölsch
2023,0.07200000000000001,70.0,American IPA
2026,0.041,8.0,American Amber / Red Lager
2028,0.053,49.0,American Pale Ale (APA)
2030,0.047,55.0,American Pale Ale (APA)
2031,0.083,100.0,American Double / Imperial IPA
2034,0.054000000000000006,23.0,American Porter
2040,0.064,75.0,American IPA
2041,0.063,75.0,American IPA
2042,0.064,75.0,American IPA
2043,0.064,75.0,American IPA
2047,0.075,77.0,American IPA
2048,0.056,50.0,American Pale Ale (APA)
2058,0.055,23.0,Märzen / Oktoberfest
2062,0.091,91.0,American Double / Imperial IPA
2064,0.075,77.0,American IPA
2065,0.055,23.0,Märzen / Oktoberfest
2068,0.053,20.0,Cream Ale
2069,0.056,50.0,American Pale Ale (APA)
2074,0.099,85.0,American Black Ale
2075,0.073,69.0,American IPA
2076,0.075,90.0,American IPA
2079,0.051,45.0,American Brown Ale
2080,0.051,45.0,American Brown Ale
2081,0.097,120.0,American Double / Imperial IPA
2083,0.067,33.0,Saison / Farmhouse Ale
2084,0.062,99.0,American IPA
2085,0.073,50.0,American IPA
2086,0.05,10.0,Witbier
2087,0.056,35.0,American Pale Ale (APA)
2089,0.059,18.0,Cream Ale
2091,0.055,35.0,German Pilsener
2095,0.08,95.0,American Double / Imperial IPA
2097,0.05,44.0,American IPA
2098,0.05,44.0,American IPA
2099,0.049,28.0,Hefeweizen
2100,0.05,19.0,American Blonde Ale
2101,0.05,19.0,American Blonde Ale
2102,0.049,28.0,Hefeweizen
2104,0.048,20.0,Saison / Farmhouse Ale
2105,0.062,35.0,American Porter
2106,0.056,20.0,Saison / Farmhouse Ale
2108,0.068,110.0,American IPA
2109,0.044,12.0,American Brown Ale
2112,0.05,20.0,American Pale Wheat Ale
2115,0.05,20.0,American Pale Wheat Ale
2116,0.05,16.0,German Pilsener
2117,0.07200000000000001,93.0,American Double / Imperial IPA
2118,0.044,22.0,American Brown Ale
2120,0.063,60.0,American IPA
2124,0.07,80.0,American IPA
2125,0.065,35.0,American Porter
2135,0.047,42.0,American Pale Ale (APA)
2136,0.055,35.0,Saison / Farmhouse Ale
2137,0.063,23.0,American Brown Ale
2144,0.08,120.0,American Double / Imperial IPA
2145,0.08,120.0,American Double / Imperial IPA
2146,0.046,20.0,American Amber / Red Ale
2147,0.07,75.0,American IPA
2149,0.059,15.0,American Pale Wheat Ale
2153,0.052000000000000005,16.0,American Pale Ale (APA)
2154,0.057,46.0,American Black Ale
2155,0.063,50.0,American Pale Ale (APA)
2156,0.052000000000000005,35.0,American Pale Ale (APA)
2160,0.099,101.0,American Double / Imperial IPA
2161,0.046,45.0,American IPA
2169,0.048,18.0,American Pale Wheat Ale
2173,0.051,11.0,Fruit / Vegetable Beer
2174,0.04,18.0,American Blonde Ale
2175,0.062,40.0,American Porter
2176,0.062,82.0,American IPA
2178,0.06,50.0,American IPA
2179,0.055,64.0,American Pale Wheat Ale
2181,0.054000000000000006,37.0,American Pale Ale (APA)
2187,0.058,20.0,American Porter
2188,0.052000000000000005,12.0,Fruit / Vegetable Beer
2191,0.085,115.0,American Double / Imperial IPA
2192,0.058,36.0,American IPA
2194,0.052000000000000005,50.0,American Porter
2195,0.045,35.0,Czech Pilsener
2197,0.07,60.0,American IPA
2198,0.07,35.0,American Porter
2199,0.05,21.0,Fruit / Vegetable Beer
2200,0.045,18.0,American Blonde Ale
2201,0.055,37.0,American Pale Ale (APA)
2202,0.045,28.0,American Amber / Red Ale
2203,0.073,87.0,American IPA
2207,0.062,72.0,American IPA
2209,0.06,30.0,American Amber / Red Ale
2214,0.075,93.0,American Amber / Red Ale
2217,0.075,85.0,American IPA
2218,0.055,52.0,American Pale Ale (APA)
2219,0.062,65.0,American IPA
2220,0.054000000000000006,26.0,American Amber / Red Lager
2221,0.075,63.0,American IPA
2223,0.041,41.0,American IPA
2224,0.048,48.0,American IPA
2225,0.052000000000000005,27.0,American Amber / Red Ale
2226,0.062,70.0,American IPA
2228,0.062,70.0,American IPA
2229,0.057,36.0,American Pale Ale (APA)
2230,0.054000000000000006,20.0,American Brown Ale
2231,0.052000000000000005,27.0,American Amber / Red Ale
2232,0.062,70.0,American IPA
2233,0.048,48.0,American IPA
2235,0.063,69.0,American IPA
2239,0.051,36.0,American Pale Ale (APA)
2240,0.077,23.0,Märzen / Oktoberfest
2252,0.04,22.0,American Amber / Red Lager
2253,0.04,42.0,American IPA
2254,0.073,83.0,American IPA
2255,0.04,17.0,American Blonde Ale
2257,0.073,82.0,American IPA
2258,0.04,34.0,American Pale Ale (APA)
2259,0.04,29.0,American Pale Ale (APA)
2261,0.06,75.0,American IPA
2271,0.085,90.0,American Double / Imperial IPA
2275,0.045,50.0,American IPA
2276,0.045,15.0,Witbier
2286,0.099,90.0,American Double / Imperial IPA
2296,0.053,22.0,American Brown Ale
2297,0.065,70.0,American IPA
2299,0.09,75.0,American Double / Imperial IPA
2304,0.09,75.0,American Double / Imperial IPA
2313,0.079,23.0,Witbier
2314,0.075,31.0,American Brown Ale
2316,0.073,85.0,American IPA
2318,0.04,37.0,American IPA
2319,0.06,55.0,American IPA
2320,0.056,50.0,American IPA
2322,0.085,85.0,American Double / Imperial IPA
2325,0.04,37.0,American IPA
2327,0.045,10.0,Fruit / Vegetable Beer
2328,0.06,55.0,American IPA
2330,0.052000000000000005,67.0,American IPA
2331,0.054000000000000006,20.0,Cream Ale
2340,0.05,16.0,Witbier
2341,0.068,65.0,American IPA
2342,0.057,22.0,Märzen / Oktoberfest
2344,0.058,55.0,American IPA
2348,0.075,89.0,American IPA
2358,0.049,30.0,Hefeweizen
2359,0.049,30.0,Hefeweizen
2360,0.08199999999999999,100.0,American Double / Imperial IPA
2363,0.052000000000000005,27.0,American Blonde Ale
2364,0.08199999999999999,100.0,American Double / Imperial IPA
2365,0.08199999999999999,100.0,American Double / Imperial IPA
2366,0.042,13.0,Witbier
2369,0.056,41.0,American Pale Ale (APA)
2373,0.051,45.0,American Pale Ale (APA)
2379,0.07400000000000001,83.0,American IPA
2380,0.08,31.0,American Porter
2382,0.071,60.0,American IPA
2384,0.048,38.0,American IPA
2386,0.062,61.0,American IPA
2388,0.058,72.0,American IPA
2390,0.059,135.0,American IPA
2391,0.047,15.0,American Pale Lager
2393,0.065,82.0,American IPA
2395,0.065,69.0,American IPA
2396,0.069,69.0,American IPA
2397,0.045,25.0,Kölsch
2398,0.077,30.0,American Double / Imperial IPA
2399,0.069,69.0,American IPA
2400,0.06,50.0,American Pale Ale (APA)
2408,0.055,40.0,American Pale Ale (APA)
